{"cameraMode":{"drawMode":0,"name":"Shaded","section":"Shading Mode"},"sceneLighting":true,"audioPlay":false,"sceneViewState":{"m_AlwaysRefresh":false,"showFog":true,"showSkybox":true,"showFlares":true,"showImageEffects":true,"showParticleSystems":true,"showVisualEffectGraphs":true,"m_FxEnabled":true},"in2DMode":false,"pivot":{"x":13.983263969421387,"y":12.495153427124024,"z":-12.318342208862305},"rotation":{"x":-0.04510226473212242,"y":-0.9544780850410461,"z":0.19329208135604859,"w":-0.22268782556056977},"size":22.627416610717775,"orthographic":false}