{"cameraMode":{"drawMode":0,"name":"Shaded","section":"Shading Mode"},"sceneLighting":false,"audioPlay":false,"sceneViewState":{"m_AlwaysRefresh":false,"showFog":true,"showSkybox":false,"showFlares":true,"showImageEffects":true,"showParticleSystems":true,"showVisualEffectGraphs":true,"m_FxEnabled":true},"in2DMode":false,"pivot":{"x":0.38607949018478396,"y":0.10063018649816513,"z":0.27778270840644839},"rotation":{"x":-0.00408176938071847,"y":-0.9958852529525757,"z":0.06163816526532173,"w":-0.06703873723745346},"size":1.5401105880737305,"orthographic":false}